Model,Train_MAE,Train_RMSE,Train_R2,Test_MAE,Test_RMSE,Test_R2,CV_RMSE,CV_Std
LinearRegression,0.3060966775379355,0.39121392967143664,0.006893419129083367,0.3106088535130248,0.3971990188668357,-0.015950100497031938,0.3937734613028042,0.005673694991412889
RandomForest,0.2712382077061719,0.35125723371422957,0.1993959304910844,0.3109064927357133,0.40241922501066596,-0.04282992267018293,0.39610918783370613,0.007325525180648292
